eBird.English.Name.2021,eBird.Scientific.Name.2021,eBird.Code,Order,Family,IUCN.Category,WPA.Schedule,CITES.Appendix,CMS.Appendix,SOIB.Concern.Status,SOIB.Long.Term.Status,,SOIB.Range.Status,Breeding.Activity.Period,Non.Breeding.Activity.Period,Diet.Guild,India.Endemic,Subcontinent.Endemic,Himalayas.Endemic,Endemic.Region,Habitat.Specialization,Migratory.Status.Within.India,Essential,Discard,India.Checklist.Common.Name,India.Checklist.Scientific.Name
Ashambu Laughingthrush,Montecincla meridionalis,kerlau3,Passeriformes,Leiothrichidae (Laughingthrushes and Allies),Vulnerable,Schedule-IV,NA,Appendix II,High,Data Deficient,Data Deficient,Very Restricted,Diurnal,Diurnal,NA,Yes,Yes,No,Western Ghats,Tropical Forest,Resident,NA,NA,Ashambu Laughingthrush,Montecincla meridionalis
Ashy Prinia,Prinia socialis,ashpri1,Passeriformes,Cisticolidae (Cisticolas and Allies),Least Concern,Schedule-IV,NA,Appendix II,Low,Strong Increase,Uncertain,Very Large,Diurnal,Diurnal,Invertebrate,No,Yes,No,Indian Subcontinent,None,Resident,NA,NA,Ashy Prinia,Prinia socialis
Ashy Woodswallow,Artamus fuscus,ashwoo2,Passeriformes,"Artamidae (Woodswallows, Bellmagpies, and Allies)",Least Concern,Schedule-IV,NA,Appendix II,Moderate,Stable,Strong Decline,Large,Diurnal,Diurnal,Invertebrate,No,No,No,None,None,Resident,NA,NA,Ashy Woodswallow,Artamus fuscus
Ashy-crowned Sparrow-Lark,Eremopterix griseus,ascspl1,Passeriformes,Alaudidae (Larks),Least Concern,Schedule-IV,NA,NA,Moderate,Moderate Decline,Uncertain,Very Large,Diurnal,Diurnal,Plant & Seed,No,Yes,No,Indian Subcontinent,Grassland,Resident,NA,NA,Ashy-crowned Sparrow Lark,Eremopterix griseus
Asian Emerald Dove,Chalcophaps indica,emedov2,Columbiformes,Columbidae (Pigeons and Doves),Least Concern,Schedule-IV,NA,NA,Low,Stable,Uncertain,Large,Diurnal,Diurnal,Omnivore,No,No,No,None,Forest,Resident,NA,NA,Asian Emerald Dove,Chalcophaps indica
Asian Fairy-bluebird,Irena puella,asfblu1,Passeriformes,Irenidae (Fairy-bluebirds),Least Concern,Schedule-IV,NA,NA,Moderate,Moderate Decline,Uncertain,Moderate,Diurnal,Diurnal,Fruit & Nect,No,No,No,None,Tropical Forest,Resident,NA,NA,Asian Fairy-bluebird,Irena puella
Asian Koel,Eudynamys scolopaceus,asikoe2,Cuculiformes,Cuculidae (Cuckoos),Least Concern,Schedule-IV,NA,NA,Low,Moderate Increase,Strong Increase,Very Large,24 hour,Diurnal,Fruit & Nect,No,No,No,None,None,Resident,NA,NA,Asian Koel,Eudynamys scolopaceus
Banasura Laughingthrush,Montecincla jerdoni,bkclau1,Passeriformes,Leiothrichidae (Laughingthrushes and Allies),Endangered,Schedule-IV,NA,Appendix II,High,Data Deficient,Data Deficient,Very Restricted,Diurnal,Diurnal,NA,Yes,Yes,No,Western Ghats,Tropical Forest,Resident,NA,NA,Banasura Laughingthrush,Montecincla jerdoni
Banded Bay Cuckoo,Cacomantis sonneratii,babcuc2,Cuculiformes,Cuculidae (Cuckoos),Least Concern,Schedule-IV,NA,NA,Moderate,Moderate Decline,Uncertain,Large,Diurnal,Diurnal,Invertebrate,No,No,No,None,Wooded Habitat,Resident,NA,NA,Banded Bay Cuckoo,Cacomantis sonneratii
Bar-winged Flycatcher-shrike,Hemipus picatus,bwfshr1,Passeriformes,"Vangidae (Vangas, Helmetshrikes, and Allies)",Least Concern,Schedule-IV,NA,Appendix II,Moderate,Moderate Decline,Uncertain,Large,Diurnal,Diurnal,Invertebrate,No,No,No,None,Forest,Resident,NA,NA,Bar-winged Flycatcher-shrike,Hemipus picatus
Bay-backed Shrike,Lanius vittatus,babshr1,Passeriformes,Laniidae (Shrikes),Least Concern,Schedule-IV,NA,NA,Moderate,Moderate Decline,Uncertain,Very Large,Diurnal,Diurnal,Invertebrate,No,No,No,None,Grassland and Scrub,Resident & Local Migrant,NA,NA,Bay-backed Shrike,Lanius vittatus
Baya Weaver,Ploceus philippinus,baywea1,Passeriformes,Ploceidae (Weavers and Allies),Least Concern,Schedule-IV,NA,NA,Low,Stable,Moderate Decline,Very Large,Diurnal,Diurnal,Plant & Seed,No,No,No,None,None,Resident,NA,NA,Baya Weaver,Ploceus philippinus
Black Drongo,Dicrurus macrocercus,bladro1,Passeriformes,Dicruridae (Drongos),Least Concern,Schedule-IV,NA,NA,Low,Stable,Moderate Decline,Very Large,Diurnal,Diurnal,Omnivore,No,No,No,None,Grassland and Scrub,Resident & Local Migrant,NA,NA,Black Drongo,Dicrurus macrocercus
Black-and-orange Flycatcher,Ficedula nigrorufa,barfly1,Passeriformes,Muscicapidae (Old World Flycatchers),Least Concern,Schedule-IV,NA,Appendix II,Moderate,Data Deficient,Uncertain,Restricted,Diurnal,Diurnal,Invertebrate,Yes,Yes,No,Western Ghats,Wooded Habitat,Resident,NA,NA,Black-and-orange Flycatcher,Ficedula nigrorufa
Black-backed Dwarf-Kingfisher,Ceyx erithaca,bkbkin1,Coraciiformes,Alcedinidae (Kingfishers),Least Concern,Schedule-IV,NA,NA,Moderate,Data Deficient,Uncertain,Restricted,Diurnal,Diurnal,Invertebrate,No,No,No,None,Tropical Forest,Resident & Local Migrant,NA,NA,Oriental Dwarf Kingfisher,Ceyx erithaca
Black-hooded Oriole,Oriolus xanthornus,blhori1,Passeriformes,Oriolidae (Old World Orioles),Least Concern,Schedule-IV,NA,Appendix II,Low,Stable,Uncertain,Large,Diurnal,Diurnal,Fruit & Nect,No,No,No,None,Wooded Habitat,Resident,NA,NA,Black-hooded Oriole,Oriolus xanthornus
Black-naped Monarch,Hypothymis azurea,blnmon1,Passeriformes,Monarchidae (Monarch Flycatchers),Least Concern,Schedule-IV,NA,Appendix II,Moderate,Moderate Decline,Uncertain,Large,Diurnal,Diurnal,Invertebrate,No,No,No,None,Wooded Habitat,Resident & Local Migrant,NA,NA,Black-naped Monarch,Hypothymis azurea
Jungle Prinia,Prinia sylvatica,junpri1,Passeriformes,Cisticolidae (Cisticolas and Allies),Least Concern,Schedule-IV,,Appendix II,Low,Stable,Uncertain,Large,Diurnal,Diurnal,Invertebrate,No,Yes,No,Indian Subcontinent,Grassland and Scrub,Resident,NA,NA,Jungle Prinia,Prinia sylvatica
Plain Prinia,Prinia inornata,plapri1,Passeriformes,Cisticolidae (Cisticolas and Allies),Least Concern,Schedule-IV,NA,Appendix II,Low,Strong Increase,Uncertain,Very Large,Diurnal,Diurnal,Invertebrate,No,No,No,None,None,Resident,NA,NA,Plain Prinia,Prinia inornata
Gray-breasted Prinia,Prinia hodgsonii,gybpri1,Passeriformes,Cisticolidae (Cisticolas and Allies),Least Concern,Schedule-IV,NA,Appendix II,Low,Stable,Uncertain,Very Large,Diurnal,Diurnal,Invertebrate,No,No,No,None,None,Resident,NA,NA,Grey-breasted Prinia,Prinia hodgsonii
Black-rumped Flameback,Dinopium benghalense,bkrfla1,Piciformes,Picidae (Woodpeckers),Least Concern,Schedule-IV,NA,NA,Low,Stable,Moderate Increase,Very Large,Diurnal,Diurnal,Invertebrate,No,Yes,No,Indian Subcontinent,None,Resident,NA,NA,Black-rumped Flameback,Dinopium benghalense
Black-throated Munia,Lonchura kelaarti,bltmun1,Passeriformes,Estrildidae (Waxbills and Allies),Least Concern,Schedule-IV,NA,NA,Low,Data Deficient,Uncertain,Moderate,Diurnal,Diurnal,Plant & Seed,No,Yes,No,Indian Subcontinent,None,Resident,NA,NA,Black-throated Munia,Lonchura kelaarti
Blue-bearded Bee-eater,Nyctyornis athertoni,bbbeat1,Coraciiformes,Meropidae (Bee-eaters),Least Concern,Schedule-IV,NA,NA,Low,Uncertain,Uncertain,Large,Diurnal,Diurnal,Invertebrate,No,No,No,None,Forest,Resident,NA,NA,Blue-bearded Bee-eater,Nyctyornis athertoni
Blue-eared Kingfisher,Alcedo meninting,blekin1,Coraciiformes,Alcedinidae (Kingfishers),Least Concern,Schedule-IV,NA,NA,Low,Data Deficient,Uncertain,Moderate,Diurnal,Diurnal,Vertebrate & Carrion,No,No,No,None,Tropical Forest,Resident,NA,NA,Blue-eared Kingfisher,Alcedo meninting
Blue-faced Malkoha,Phaenicophaeus viridirostris,blfmal1,Cuculiformes,Cuculidae (Cuckoos),Least Concern,Schedule-IV,NA,NA,Low,Uncertain,Uncertain,Large,Diurnal,Diurnal,Invertebrate,No,Yes,No,Indian Subcontinent,None,Resident,NA,NA,Blue-faced Malkoha,Phaenicophaeus viridirostris
Blue-tailed Bee-eater,Merops philippinus,btbeat1,Coraciiformes,Meropidae (Bee-eaters),Least Concern,Schedule-IV,NA,NA,Low,Uncertain,Uncertain,Large,Diurnal,Diurnal,Invertebrate,No,No,No,None,Open Habitat,Resident & Local Migrant,NA,NA,Blue-tailed Bee-eater,Merops philippinus
Brahminy Starling,Sturnia pagodarum,brasta1,Passeriformes,Sturnidae (Starlings),Least Concern,Schedule-IV,NA,NA,Low,Stable,Uncertain,Very Large,Diurnal,Diurnal,Omnivore,No,No,No,None,None,Resident,NA,NA,Brahminy Starling,Sturnia pagodarum
Bronzed Drongo,Dicrurus aeneus,brodro1,Passeriformes,Dicruridae (Drongos),Least Concern,Schedule-IV,NA,NA,Low,Stable,Uncertain,Large,Diurnal,Diurnal,Invertebrate,No,No,No,None,Forest,Resident,NA,NA,Bronzed Drongo,Dicrurus aeneus
Greater Flameback,Chrysocolaptes guttacristatus,grefla1,Piciformes,Picidae (Woodpeckers),Least Concern,Schedule-IV,NA,NA,Low,Stable,Uncertain,Large,Diurnal,Diurnal,Invertebrate,No,No,No,None,Tropical Forest,Resident,NA,NA,Greater Flameback,Chrysocolaptes guttacristatus
Brown-capped Pygmy Woodpecker,Yungipicus nanus,bncwoo3,Piciformes,Picidae (Woodpeckers),Least Concern,Schedule-IV,NA,NA,Moderate,Moderate Decline,Uncertain,Large,Diurnal,Diurnal,Invertebrate,No,Yes,No,Indian Subcontinent,Wooded Habitat,Resident,NA,NA,Brown-capped Pygmy Woodpecker,Yungipicus nanus
Brown-cheeked Fulvetta,Alcippe poioicephala,brcful1,Passeriformes,Leiothrichidae (Laughingthrushes and Allies),Least Concern,Schedule-IV,NA,Appendix II,Moderate,Strong Decline,Uncertain,Large,Diurnal,Diurnal,Invertebrate,No,No,No,None,Tropical Forest,Resident,NA,NA,Brown-cheeked Fulvetta,Alcippe poioicephala
Brown-headed Barbet,Psilopogon zeylanicus,brhbar1,Piciformes,Megalaimidae (Asian Barbets),Least Concern,Schedule-IV,NA,NA,Low,Uncertain,Uncertain,Large,Diurnal,Diurnal,Fruit & Nect,No,Yes,No,Indian Subcontinent,None,Resident,NA,NA,Brown-headed Barbet,Psilopogon zeylanicus
Chestnut-headed Bee-eater,Merops leschenaulti,chbeat1,Coraciiformes,Meropidae (Bee-eaters),Least Concern,Schedule-IV,NA,NA,Low,Uncertain,Uncertain,Moderate,Diurnal,Diurnal,Invertebrate,No,No,No,None,Forest,Resident & Local Migrant,NA,NA,Chestnut-headed Bee-eater,Merops leschenaulti
Cinereous Tit,Parus cinereus,gretit2,Passeriformes,"Paridae (Tits, Chickadees, and Titmice)",Least Concern,Schedule-IV,NA,NA,Low,Stable,Uncertain,Very Large,Diurnal,Diurnal,Omnivore,No,No,No,None,None,Resident,NA,NA,Cinereous Tit,Parus cinereus
Common Flameback,Dinopium javanense,comfla1,Piciformes,Picidae (Woodpeckers),Least Concern,Schedule-IV,NA,NA,Moderate,Data Deficient,Data Deficient,Moderate,Diurnal,Diurnal,Invertebrate,No,No,No,None,Tropical Forest,Resident,1,NA,Common Flameback,Dinopium javanense
Common Hawk-Cuckoo,Hierococcyx varius,cohcuc1,Cuculiformes,Cuculidae (Cuckoos),Least Concern,Schedule-IV,NA,NA,Moderate,Moderate Decline,Uncertain,Very Large,24 hour,Diurnal,Invertebrate,No,Yes,No,Indian Subcontinent,Wooded Habitat,Resident,NA,NA,Common Hawk Cuckoo,Hierococcyx varius
Common Iora,Aegithina tiphia,comior1,Passeriformes,Aegithinidae (Ioras),Least Concern,Schedule-IV,NA,NA,Moderate,Moderate Decline,Moderate Decline,Very Large,Diurnal,Diurnal,Invertebrate,No,No,No,None,Wooded Habitat,Resident,NA,NA,Common Iora,Aegithina tiphia
Common Myna,Acridotheres tristis,commyn,Passeriformes,Sturnidae (Starlings),Least Concern,Schedule-IV,NA,NA,Low,Stable,Stable,Very Large,Diurnal,Diurnal,Omnivore,No,No,No,None,None,Resident,NA,NA,Common Myna,Acridotheres tristis
Common Tailorbird,Orthotomus sutorius,comtai1,Passeriformes,Cisticolidae (Cisticolas and Allies),Least Concern,Schedule-IV,NA,Appendix II,Low,Stable,Moderate Increase,Very Large,Diurnal,Diurnal,Invertebrate,No,No,No,None,None,Resident,NA,NA,Common Tailorbird,Orthotomus sutorius
Yellow-crowned Woodpecker,Leiopicus mahrattensis,yecwoo1,Piciformes,Picidae (Woodpeckers),Least Concern,Schedule-IV,NA,NA,High,Strong Decline,Moderate Decline,Large,Diurnal,Diurnal,Invertebrate,No,No,No,None,Wooded Habitat,Resident,NA,NA,Yellow-crowned Woodpecker,Leiopicus mahrattensis
Crimson-backed Sunbird,Leptocoma minima,crbsun2,Passeriformes,Nectariniidae (Sunbirds and Spiderhunters),Least Concern,Schedule-IV,NA,NA,Moderate,Strong Decline,Uncertain,Moderate,Diurnal,Diurnal,Fruit & Nect,Yes,Yes,No,Western Ghats,Wooded Habitat,Resident,NA,NA,Crimson-backed Sunbird,Leptocoma minima
Dark-fronted Babbler,Dumetia atriceps,dafbab1,Passeriformes,"Timaliidae (Tree-Babblers, Scimitar-Babblers, and Allies)",Least Concern,Schedule-IV,NA,Appendix II,Moderate,Strong Decline,Uncertain,Moderate,Diurnal,Diurnal,Invertebrate,No,Yes,No,Western Ghats & Sri Lanka,Tropical Forest,Resident,NA,NA,Dark-fronted Babbler,Dumetia atriceps
Dollarbird,Eurystomus orientalis,dollar1,Coraciiformes,Coraciidae (Rollers),Least Concern,Schedule-IV,NA,NA,Low,Uncertain,Uncertain,Moderate,Diurnal,Diurnal,Invertebrate,No,No,No,None,Tropical Forest,Resident,NA,NA,Dollarbird,Eurystomus orientalis
Eurasian Collared-Dove,Streptopelia decaocto,eucdov,Columbiformes,Columbidae (Pigeons and Doves),Least Concern,Schedule-IV,NA,NA,Low,Stable,Uncertain,Very Large,Diurnal,Diurnal,Plant & Seed,No,No,No,None,None,Resident,NA,NA,Eurasian Collared Dove,Streptopelia decaocto
Flame-throated Bulbul,Rubigula gularis,bkcbul1,Passeriformes,Pycnonotidae (Bulbuls),Least Concern,Schedule-IV,NA,NA,Moderate,Moderate Decline,Uncertain,Moderate,Diurnal,Diurnal,Fruit & Nect,Yes,Yes,No,Western Ghats,Tropical Forest,Resident,NA,NA,Flame-throated Bulbul,Rubigula gularis
Fork-tailed Drongo-Cuckoo,Surniculus dicruroides,asidrc2,Cuculiformes,Cuculidae (Cuckoos),Least Concern,Schedule-IV,NA,NA,Low,Data Deficient,Uncertain,Moderate,24 hour,Diurnal,Invertebrate,No,No,No,None,Wooded Habitat,Resident & Local Migrant,NA,NA,Fork-tailed Drongo Cuckoo,Surniculus dicruroides
Gray Junglefowl,Gallus sonneratii,grejun2,Galliformes,"Phasianidae (Pheasants, Grouse, and Allies)",Least Concern,Schedule-IV,Appendix II,NA,Low,Uncertain,Uncertain,Large,Diurnal,Diurnal,Omnivore,Yes,Yes,No,Mainland India,Forest,Resident,NA,NA,Grey Junglefowl,Gallus sonneratii
Gray-bellied Cuckoo,Cacomantis passerinus,placuc3,Cuculiformes,Cuculidae (Cuckoos),Least Concern,Schedule-IV,NA,NA,Low,Uncertain,Uncertain,Large,24 hour,Diurnal,Invertebrate,No,Yes,No,Indian Subcontinent,None,Resident,NA,NA,Grey-bellied Cuckoo,Cacomantis passerinus
Gray-fronted Green-Pigeon,Treron affinis,pomgrp2,Columbiformes,Columbidae (Pigeons and Doves),Least Concern,Schedule-IV,NA,NA,Low,Uncertain,Uncertain,Moderate,Diurnal,Diurnal,Fruit & Nect,Yes,Yes,No,Western Ghats,Tropical Forest,Resident,NA,NA,Grey-fronted Green Pigeon,Treron affinis
Gray-headed Bulbul,Brachypodius priocephalus,gyhbul1,Passeriformes,Pycnonotidae (Bulbuls),Near Threatened,Schedule-IV,NA,NA,Moderate,Data Deficient,Uncertain,Moderate,Diurnal,Diurnal,Fruit & Nect,Yes,Yes,No,Western Ghats,Tropical Forest,Resident,NA,NA,Grey-headed Bulbul,Brachypodius priocephalus
Great Hornbill,Buceros bicornis,grehor1,Bucerotiformes,Bucerotidae (Hornbills),Vulnerable,Schedule-I,Appendix I,NA,Moderate,Uncertain,Uncertain,Moderate,Diurnal,Diurnal,Fruit & Nect,No,No,No,None,Tropical Forest,Resident,1,NA,Great Hornbill,Buceros bicornis
Greater Coucal,Centropus sinensis,grecou1,Cuculiformes,Cuculidae (Cuckoos),Least Concern,Schedule-IV,NA,NA,Low,Stable,Strong Increase,Very Large,Diurnal,Diurnal,Omnivore,No,No,No,None,None,Resident,NA,NA,Greater Coucal,Centropus sinensis
Greater Racket-tailed Drongo,Dicrurus paradiseus,grtdro1,Passeriformes,Dicruridae (Drongos),Least Concern,Schedule-IV,NA,NA,Moderate,Moderate Decline,Uncertain,Large,Diurnal,Diurnal,Invertebrate,No,No,No,None,Tropical Forest,Resident,NA,NA,Greater Racket-tailed Drongo,Dicrurus paradiseus
Asian Green Bee-eater,Merops orientalis,grbeat1,Coraciiformes,Meropidae (Bee-eaters),Least Concern,Schedule-IV,NA,NA,Low,Stable,Moderate Decline,Very Large,Diurnal,Diurnal,Invertebrate,No,No,No,None,None,Resident,NA,NA,Green Bee-eater,Merops orientalis
Green Imperial-Pigeon,Ducula aenea,gripig1,Columbiformes,Columbidae (Pigeons and Doves),Least Concern,Schedule-IV,NA,NA,NA,NA,NA,NA,Diurnal,Diurnal,Fruit & Nect,No,No,No,None,Tropical Forest,Resident,NA,NA,Green Imperial Pigeon,Ducula aenea
Hair-crested Drongo,Dicrurus hottentottus,hacdro1,Passeriformes,Dicruridae (Drongos),Least Concern,Schedule-IV,NA,NA,Low,Uncertain,Uncertain,Moderate,Diurnal,Diurnal,Omnivore,No,No,No,None,Wooded Habitat,Resident & Winter Migrant,NA,NA,Hair-crested Drongo,Dicrurus hottentottus
Heart-spotted Woodpecker,Hemicircus canente,heswoo1,Piciformes,Picidae (Woodpeckers),Least Concern,Schedule-IV,NA,NA,High,Strong Decline,Strong Decline,Moderate,Diurnal,Diurnal,Invertebrate,No,No,No,None,Tropical Forest,Resident,NA,NA,Heart-spotted Woodpecker,Hemicircus canente
House Crow,Corvus splendens,houcro1,Passeriformes,"Corvidae (Crows, Jays, and Magpies)",Least Concern,Schedule-V,NA,NA,Low,Moderate Increase,Stable,Very Large,Diurnal,Diurnal,Vertebrate & Carrion,No,No,No,None,None,Resident,NA,NA,House Crow,Corvus splendens
House Sparrow,Passer domesticus,houspa,Passeriformes,Passeridae (Old World Sparrows),Least Concern,Schedule-IV,NA,NA,Low,Stable,Stable,Very Large,Diurnal,Diurnal,Plant & Seed,No,No,No,None,None,Resident & Winter Migrant,NA,NA,House Sparrow,Passer domesticus
Indian Blackbird,Turdus simillimus,eurbla2,Passeriformes,Turdidae (Thrushes and Allies),Least Concern,Schedule-IV,NA,Appendix II,Low,Uncertain,Uncertain,Moderate,Diurnal,Diurnal,Omnivore,No,Yes,No,Indian Subcontinent,None,Resident & Local Migrant,NA,NA,Indian Blackbird,Turdus simillimus
Indian Gray Hornbill,Ocyceros birostris,inghor2,Bucerotiformes,Bucerotidae (Hornbills),Least Concern,Schedule-IV,NA,NA,Low,Uncertain,Uncertain,Very Large,Diurnal,Diurnal,Fruit & Nect,No,Yes,No,Indian Subcontinent,None,Resident,NA,NA,Indian Grey Hornbill,Ocyceros birostris
Indian Nuthatch,Sitta castanea,chbnut2,Passeriformes,Sittidae (Nuthatches),Least Concern,Schedule-IV,NA,NA,High,Strong Decline,Moderate Decline,Moderate,Diurnal,Diurnal,Invertebrate,No,Yes,No,Indian Subcontinent,Wooded Habitat,Resident,NA,NA,Indian Nuthatch,Sitta castanea
Indian Peafowl,Pavo cristatus,compea,Galliformes,"Phasianidae (Pheasants, Grouse, and Allies)",Least Concern,Schedule-I,NA,NA,Low,Strong Increase,Moderate Increase,Very Large,Diurnal,Diurnal,Plant & Seed,No,Yes,No,Indian Subcontinent,None,Resident,NA,NA,Indian Peafowl,Pavo cristatus
Indian Pond-Heron,Ardeola grayii,Resident,Least Concern,Very Large,Low,Pelecaniformes,Ardeidae,Not endemic,,,,,,,,,,,,,,,,,
Indian Robin,Copsychus fulicatus,indrob1,Passeriformes,Muscicapidae (Old World Flycatchers),Least Concern,Schedule-IV,NA,Appendix II,Low,Stable,Uncertain,Very Large,Diurnal,Diurnal,Invertebrate,No,Yes,No,Indian Subcontinent,None,Resident,NA,NA,Indian Robin,Copsychus fulicatus
Indian Roller,Coracias benghalensis,indrol2,Coraciiformes,Coraciidae (Rollers),Least Concern,Schedule-IV,NA,NA,Low,Stable,Strong Decline,Very Large,Diurnal,Diurnal,Omnivore,No,No,No,None,Grassland and Scrub,Resident,NA,NA,Indian Roller,Coracias benghalensis
Indian Scimitar-Babbler,Pomatorhinus horsfieldii,insbab1,Passeriformes,"Timaliidae (Tree-Babblers, Scimitar-Babblers, and Allies)",Least Concern,Schedule-IV,NA,Appendix II,Moderate,Moderate Decline,Uncertain,Large,Diurnal,Diurnal,Invertebrate,Yes,Yes,No,Mainland India,Tropical Forest,Resident,NA,NA,Indian Scimitar Babbler,Pomatorhinus horsfieldii
Indian Silverbill,Euodice malabarica,indsil,Passeriformes,Estrildidae (Waxbills and Allies),Least Concern,Schedule-IV,NA,NA,Low,Stable,Uncertain,Very Large,Diurnal,Diurnal,Plant & Seed,No,No,No,None,Grassland and Scrub,Resident,NA,NA,Indian Silverbill,Euodice malabarica
Indian Thick-knee,Burhinus indicus,indthk1,Charadriiformes,Burhinidae (Thick-knees),Least Concern,Schedule-IV,NA,NA,Moderate,Strong Decline,Uncertain,Large,24 hour,24 hour,Invertebrate,No,No,No,None,None,Resident,NA,NA,Indian Thick-knee,Burhinus indicus
Indian White-eye,Zosterops palpebrosus,indwhe1,Passeriformes,"Zosteropidae (White-eyes, Yuhinas, and Allies)",Least Concern,Schedule-IV,NA,Appendix II,Low,Stable,Uncertain,Very Large,Diurnal,Diurnal,Omnivore,No,No,No,None,None,Resident,NA,NA,Indian White-eye,Zosterops palpebrosus
Indian Yellow Tit,Machlolophus aplonotus,indtit1,Passeriformes,"Paridae (Tits, Chickadees, and Titmice)",Not Evaluated,Schedule-IV,NA,NA,Low,Stable,Uncertain,Large,Diurnal,Diurnal,Invertebrate,Yes,Yes,No,Mainland India,Wooded Habitat,Resident,NA,NA,Indian Black-lored Tit,Machlolophus aplonotus
Jerdon's Bushlark,Mirafra affinis,jerbus2,Passeriformes,Alaudidae (Larks),Least Concern,Schedule-IV,NA,NA,Low,Uncertain,Uncertain,Large,Diurnal,Diurnal,Omnivore,No,Yes,No,Indian Subcontinent,Grassland and Scrub,Resident,NA,NA,Jerdon's Bushlark,Mirafra affinis
Jungle Babbler,Argya striata,junbab2,Passeriformes,Leiothrichidae (Laughingthrushes and Allies),Least Concern,Schedule-IV,NA,Appendix II,Low,Stable,Uncertain,Very Large,Diurnal,Diurnal,Omnivore,No,Yes,No,Indian Subcontinent,None,Resident,NA,NA,Jungle Babbler,Argya striata
Jungle Myna,Acridotheres fuscus,junmyn1,Passeriformes,Sturnidae (Starlings),Least Concern,Schedule-IV,NA,NA,Moderate,Uncertain,Moderate Decline,Large,Diurnal,Diurnal,Omnivore,No,No,No,None,None,Resident,NA,NA,Jungle Myna,Acridotheres fuscus
Large Cuckooshrike,Coracina macei,larcus1,Passeriformes,Campephagidae (Cuckooshrikes),Least Concern,Schedule-IV,NA,NA,High,Strong Decline,Moderate Decline,Large,Diurnal,Diurnal,Invertebrate,No,No,No,None,Wooded Habitat,Resident,NA,NA,Large Cuckooshrike,Coracina macei
Large-billed Crow,Corvus macrorhynchos,labcro1,Passeriformes,"Corvidae (Crows, Jays, and Magpies)",Least Concern,Schedule-IV,NA,NA,Low,Stable,Uncertain,Very Large,Diurnal,Diurnal,Omnivore,No,No,No,None,None,Resident,NA,NA,Large-billed Crow,Corvus macrorhynchos
Laughing Dove,Spilopelia senegalensis,laudov1,Columbiformes,Columbidae (Pigeons and Doves),Least Concern,Schedule-IV,NA,NA,Low,Stable,Uncertain,Very Large,Diurnal,Diurnal,Plant & Seed,No,No,No,None,None,Resident,NA,NA,Laughing Dove,Streptopelia senegalensis
Lesser Yellownape,Picus chlorolophus,lesyel1,Piciformes,Picidae (Woodpeckers),Least Concern,Schedule-IV,NA,NA,Low,Uncertain,Uncertain,Large,Diurnal,Diurnal,Invertebrate,No,No,No,None,Wooded Habitat,Resident,NA,NA,Lesser Yellownape,Picus chlorolophus
Little Spiderhunter,Arachnothera longirostra,litspi1,Passeriformes,Nectariniidae (Sunbirds and Spiderhunters),Least Concern,Schedule-IV,NA,NA,Moderate,Strong Decline,Uncertain,Moderate,Diurnal,Diurnal,Omnivore,No,No,No,None,Wooded Habitat,Resident,NA,NA,Little Spiderhunter,Arachnothera longirostra
Long-tailed Shrike,Lanius schach,lotshr1,Passeriformes,Laniidae (Shrikes),Least Concern,Schedule-IV,NA,NA,Moderate,Stable,Strong Decline,Large,Diurnal,Diurnal,Invertebrate,No,No,No,None,None,Resident & Local Migrant,NA,NA,Long-tailed Shrike,Lanius schach
Loten's Sunbird,Cinnyris lotenius,lobsun2,Passeriformes,Nectariniidae (Sunbirds and Spiderhunters),Least Concern,Schedule-IV,NA,NA,Low,Stable,Uncertain,Large,Diurnal,Diurnal,Fruit & Nect,No,Yes,No,Indian Subcontinent,Wooded Habitat,Resident,NA,NA,Loten's Sunbird,Cinnyris lotenius
Malabar Gray Hornbill,Ocyceros griseus,maghor2,Bucerotiformes,Bucerotidae (Hornbills),Vulnerable,Schedule-IV,NA,NA,Moderate,Moderate Decline,Uncertain,Moderate,Diurnal,Diurnal,Fruit & Nect,Yes,Yes,No,Western Ghats,Wooded Habitat,Resident,NA,NA,Malabar Grey Hornbill,Ocyceros griseus
Malabar Parakeet,Psittacula columboides,malpar1,Psittaciformes,Psittaculidae (Old World Parrots),Least Concern,Schedule-IV,Appendix II,NA,Moderate,Moderate Decline,Uncertain,Moderate,Diurnal,Diurnal,Plant & Seed,Yes,Yes,No,Western Ghats,Forest,Resident,NA,NA,Malabar Parakeet,Psittacula columboides
Malabar Pied-Hornbill,Anthracoceros coronatus,maphor1,Bucerotiformes,Bucerotidae (Hornbills),Near Threatened,Schedule-I,Appendix II,NA,Moderate,Uncertain,Moderate Decline,Moderate,Diurnal,Diurnal,Fruit & Nect,No,Yes,No,Indian Subcontinent,Wooded Habitat,Resident,NA,NA,Malabar Pied Hornbill,Anthracoceros coronatus
Malabar Trogon,Harpactes fasciatus,maltro1,Trogoniformes,Trogonidae (Trogons),Least Concern,Schedule-IV,NA,NA,Moderate,Moderate Decline,Uncertain,Moderate,Diurnal,Diurnal,Invertebrate,No,Yes,No,Indian Subcontinent,Tropical Forest,Resident,NA,NA,Malabar Trogon,Harpactes fasciatus
Malabar Whistling-Thrush,Myophonus horsfieldii,mawthr1,Passeriformes,Muscicapidae (Old World Flycatchers),Least Concern,Schedule-IV,NA,Appendix II,Low,Uncertain,Uncertain,Moderate,Diurnal,Diurnal,Invertebrate,Yes,Yes,No,Mainland India,None,Resident,NA,NA,Malabar Whistling Thrush,Myophonus horsfieldii
Malabar Woodshrike,Tephrodornis sylvicola,malwoo1,Passeriformes,"Vangidae (Vangas, Helmetshrikes, and Allies)",Least Concern,Schedule-IV,NA,Appendix II,Moderate,Strong Decline,Uncertain,Moderate,Diurnal,Diurnal,Invertebrate,Yes,Yes,No,Western Ghats,Tropical Forest,Resident,NA,NA,Malabar Woodshrike,Tephrodornis sylvicola
Common Woodshrike,Tephrodornis pondicerianus,comwoo1,Passeriformes,"Vangidae (Vangas, Helmetshrikes, and Allies)",Least Concern,Schedule-IV,NA,Appendix II,High,Strong Decline,Strong Decline,Very Large,Diurnal,Diurnal,Invertebrate,No,No,No,None,Wooded Habitat,Resident,NA,NA,Common Woodshrike,Tephrodornis pondicerianus
Malabar Imperial-Pigeon,Ducula cuprea,moipig1,Columbiformes,Columbidae (Pigeons and Doves),Least Concern,Schedule-IV,NA,NA,Moderate,Strong Decline,Uncertain,Moderate,Diurnal,Diurnal,Fruit & Nect,No,No,No,None,Tropical Forest,Resident,NA,NA,Mountain Imperial Pigeon,Ducula badia
Nilgiri Flowerpecker,Dicaeum concolor,plaflo1,Passeriformes,Dicaeidae (Flowerpeckers),Least Concern,Schedule-IV,,,Moderate,Moderate Decline,Uncertain,Moderate,Diurnal,Diurnal,Fruit & Nect,Yes,Yes,No,Western Ghats,None,Resident,NA,NA,Nilgiri Flowerpecker,Dicaeum concolor
Nilgiri Flycatcher,Eumyias albicaudatus,nilfly2,Passeriformes,Muscicapidae (Old World Flycatchers),Least Concern,Schedule-IV,NA,Appendix II,Moderate,Data Deficient,Data Deficient,Restricted,Diurnal,Diurnal,Invertebrate,Yes,Yes,No,Western Ghats,Wooded Habitat,Resident,NA,NA,Nilgiri Flycatcher,Eumyias albicaudatus
Nilgiri Laughingthrush,Montecincla cachinnans,bkclau2,Passeriformes,Leiothrichidae (Laughingthrushes and Allies),Endangered,Schedule-IV,NA,Appendix II,High,Uncertain,Uncertain,Very Restricted,Diurnal,Diurnal,Invertebrate,Yes,Yes,No,Western Ghats,Wooded Habitat,Resident,NA,NA,Nilgiri Laughingthrush,Montecincla cachinnans
Nilgiri Thrush,Zoothera neilgherriensis,scathr4,Passeriformes,Turdidae (Thrushes and Allies),Not Evaluated,Schedule-IV,NA,Appendix II,High,Data Deficient,Strong Decline,Restricted,Diurnal,Diurnal,Omnivore,Yes,Yes,No,Western Ghats,Tropical Forest,Resident,NA,NA,Nilgiri Thrush,Zoothera neilgherriensis
Nilgiri Wood-Pigeon,Columba elphinstonii,niwpig1,Columbiformes,Columbidae (Pigeons and Doves),Vulnerable,Schedule-IV,NA,NA,Moderate,Uncertain,Uncertain,Moderate,Diurnal,Diurnal,Fruit & Nect,Yes,Yes,No,Western Ghats,Tropical Forest,Resident,NA,NA,Nilgiri Wood Pigeon,Columba elphinstonii
Orange Minivet,Pericrocotus flammeus,scamin3,Passeriformes,Campephagidae (Cuckooshrikes),Least Concern,Schedule-IV,NA,NA,Low,Uncertain,Uncertain,Moderate,Diurnal,Diurnal,Invertebrate,No,Yes,No,Indian Subcontinent,Tropical Forest,Resident,NA,NA,Orange Minivet,Pericrocotus flammeus
Orange-breasted Green-Pigeon,Treron bicinctus,orbpig1,Columbiformes,Columbidae (Pigeons and Doves),Least Concern,Schedule-IV,NA,NA,Low,Data Deficient,Uncertain,Moderate,Diurnal,Diurnal,Fruit & Nect,No,No,No,None,Wooded Habitat,Resident,NA,NA,Orange-breasted Green Pigeon,Treron bicinctus
Orange-headed Thrush,Geokichla citrina,orhthr1,Passeriformes,Turdidae (Thrushes and Allies),Least Concern,Schedule-IV,NA,Appendix II,Moderate,Moderate Decline,Uncertain,Large,Diurnal,Diurnal,Omnivore,No,No,No,None,Wooded Habitat,Resident & Local Migrant,NA,NA,Orange-headed Thrush,Geokichla citrina
Oriental Magpie-Robin,Copsychus saularis,magrob,Passeriformes,Muscicapidae (Old World Flycatchers),Least Concern,Schedule-IV,NA,Appendix II,Low,Stable,Stable,Very Large,Diurnal,Diurnal,Invertebrate,No,No,No,None,None,Resident,NA,NA,Oriental Magpie Robin,Copsychus saularis
Oriental Turtle-Dove,Streptopelia orientalis,ortdov,Columbiformes,Columbidae (Pigeons and Doves),Least Concern,Schedule-IV,NA,NA,Low,Stable,Uncertain,Moderate,Diurnal,Diurnal,Plant & Seed,No,No,No,None,None,Resident & Local Migrant,NA,NA,Oriental Turtle Dove,Streptopelia orientalis
Painted Spurfowl,Galloperdix lunulata,paispu1,Galliformes,"Phasianidae (Pheasants, Grouse, and Allies)",Least Concern,Schedule-IV,NA,NA,Moderate,Uncertain,Moderate Decline,Moderate,Diurnal,Diurnal,Omnivore,Yes,Yes,No,Mainland India,Wooded Habitat,Resident,NA,NA,Painted Spurfowl,Galloperdix lunulata
Palani Laughingthrush,Montecincla fairbanki,kerlau2,Passeriformes,Leiothrichidae (Laughingthrushes and Allies),Near Threatened,Schedule-IV,NA,Appendix II,Moderate,Uncertain,Uncertain,Restricted,Diurnal,Diurnal,Fruit & Nect,Yes,Yes,No,Western Ghats,Wooded Habitat,Resident,NA,NA,Palani Laughingthrush,Montecincla fairbanki
Pale-billed Flowerpecker,Dicaeum erythrorhynchos,pabflo1,Passeriformes,Dicaeidae (Flowerpeckers),Least Concern,Schedule-IV,NA,NA,Low,Stable,Strong Increase,Large,Diurnal,Diurnal,Fruit & Nect,No,Yes,No,Indian Subcontinent,None,Resident,NA,NA,Pale-billed Flowerpecker,Dicaeum erythrorhynchos
Pied Bushchat,Saxicola caprata,piebus1,Passeriformes,Muscicapidae (Old World Flycatchers),Least Concern,Schedule-IV,NA,Appendix II,Low,Stable,Uncertain,Large,Diurnal,Diurnal,Invertebrate,No,No,No,None,None,Resident & Local Migrant,NA,NA,Pied Bushchat,Saxicola caprata
Pied Cuckoo,Clamator jacobinus,piecuc1,Cuculiformes,Cuculidae (Cuckoos),Least Concern,Schedule-IV,NA,NA,Low,Stable,Uncertain,Large,24 hour,Diurnal,Invertebrate,No,No,No,None,None,Resident & Summer Migrant,NA,NA,Pied Cuckoo,Clamator jacobinus
Plum-headed Parakeet,Psittacula cyanocephala,plhpar1,Psittaciformes,Psittaculidae (Old World Parrots),Least Concern,Schedule-IV,Appendix II,NA,Low,Stable,Uncertain,Very Large,Diurnal,Diurnal,Fruit & Nect,No,Yes,No,Indian Subcontinent,Forest,Resident,NA,NA,Plum-headed Parakeet,Psittacula cyanocephala
Puff-throated Babbler,Pellorneum ruficeps,putbab1,Passeriformes,Pellorneidae (Ground Babblers and Allies),Least Concern,Schedule-IV,NA,Appendix II,Moderate,Moderate Decline,Uncertain,Large,Diurnal,Diurnal,Invertebrate,No,No,No,None,Wooded Habitat,Resident,NA,NA,Puff-throated Babbler,Pellorneum ruficeps
Purple Sunbird,Cinnyris asiaticus,pursun4,Passeriformes,Nectariniidae (Sunbirds and Spiderhunters),Least Concern,Schedule-IV,NA,NA,Low,Stable,Stable,Very Large,Diurnal,Diurnal,Fruit & Nect,No,No,No,None,None,Resident,NA,NA,Purple Sunbird,Cinnyris asiaticus
Purple-rumped Sunbird,Leptocoma zeylonica,pursun3,Passeriformes,Nectariniidae (Sunbirds and Spiderhunters),Least Concern,Schedule-IV,NA,NA,Low,Stable,Uncertain,Very Large,Diurnal,Diurnal,Fruit & Nect,No,Yes,No,Indian Subcontinent,None,Resident,NA,NA,Purple-rumped Sunbird,Leptocoma zeylonica
Red Spurfowl,Galloperdix spadicea,redspu1,Galliformes,"Phasianidae (Pheasants, Grouse, and Allies)",Least Concern,Schedule-IV,NA,NA,Low,Stable,Uncertain,Large,Diurnal,Diurnal,Omnivore,Yes,Yes,No,Mainland India,Forest,Resident,NA,NA,Red Spurfowl,Galloperdix spadicea
Red-vented Bulbul,Pycnonotus cafer,revbul,Passeriformes,Pycnonotidae (Bulbuls),Least Concern,Schedule-IV,NA,NA,Low,Stable,Stable,Very Large,Diurnal,Diurnal,Omnivore,No,No,No,None,None,Resident,NA,NA,Red-vented Bulbul,Pycnonotus cafer
Red-whiskered Bulbul,Pycnonotus jocosus,rewbul,Passeriformes,Pycnonotidae (Bulbuls),Least Concern,Schedule-IV,NA,NA,Low,Uncertain,Uncertain,Very Large,Diurnal,Diurnal,Omnivore,No,No,No,None,None,Resident,NA,NA,Red-whiskered Bulbul,Pycnonotus jocosus
Rock Pigeon,Columba livia,rocpig,Columbiformes,Columbidae (Pigeons and Doves),Least Concern,Schedule-IV,NA,NA,Low,Strong Increase,Strong Increase,Very Large,Diurnal,Diurnal,Plant & Seed,No,No,No,None,None,Resident,NA,NA,Rock Pigeon,Columba livia
Rose-ringed Parakeet,Psittacula krameri,rorpar,Psittaciformes,Psittaculidae (Old World Parrots),Least Concern,Schedule-IV,NA,NA,Low,Stable,Stable,Very Large,Diurnal,Diurnal,Fruit & Nect,No,No,No,None,None,Resident,NA,NA,Rose-ringed Parakeet,Psittacula krameri
Rufous Babbler,Argya subrufa,rufbab3,Passeriformes,Leiothrichidae (Laughingthrushes and Allies),Least Concern,Schedule-IV,NA,Appendix II,Moderate,Uncertain,Strong Decline,Moderate,Diurnal,Diurnal,Invertebrate,Yes,Yes,No,Western Ghats,None,Resident,NA,NA,Rufous Babbler,Argya subrufa
Rufous Treepie,Dendrocitta vagabunda,ruftre2,Passeriformes,"Corvidae (Crows, Jays, and Magpies)",Least Concern,Schedule-IV,NA,NA,Low,Stable,Uncertain,Very Large,Diurnal,Diurnal,Omnivore,No,No,No,None,None,Resident,NA,NA,Rufous Treepie,Dendrocitta vagabunda
Rufous Woodpecker,Micropternus brachyurus,rufwoo2,Piciformes,Picidae (Woodpeckers),Least Concern,Schedule-IV,NA,NA,Low,Stable,Uncertain,Large,Diurnal,Diurnal,Invertebrate,No,No,No,None,Wooded Habitat,Resident,NA,NA,Rufous Woodpecker,Micropternus brachyurus
Scaly-breasted Munia,Lonchura punctulata,nutman,Passeriformes,Estrildidae (Waxbills and Allies),Least Concern,Schedule-IV,NA,NA,Low,Uncertain,Uncertain,Very Large,Diurnal,Diurnal,Plant & Seed,No,No,No,None,None,Resident,NA,NA,Scaly-breasted Munia,Lonchura punctulata
Sirkeer Malkoha,Taccocua leschenaultii,sirmal1,Cuculiformes,Cuculidae (Cuckoos),Least Concern,Schedule-IV,NA,NA,Moderate,Strong Decline,Uncertain,Large,Diurnal,Diurnal,Invertebrate,No,Yes,No,Indian Subcontinent,Scrub,Resident,NA,NA,Sirkeer Malkoha,Taccocua leschenaultii
Small Minivet,Pericrocotus cinnamomeus,smamin1,Passeriformes,Campephagidae (Cuckooshrikes),Least Concern,Schedule-IV,NA,NA,High,Strong Decline,Strong Decline,Very Large,Diurnal,Diurnal,Invertebrate,No,No,No,None,Wooded Habitat,Resident,NA,NA,Small Minivet,Pericrocotus cinnamomeus
Southern Hill Myna,Gracula indica,sohmyn1,Passeriformes,Sturnidae (Starlings),Least Concern,Schedule-I,NA,NA,Low,Uncertain,Uncertain,Moderate,Diurnal,Diurnal,NA,No,Yes,No,Western Ghats & Sri Lanka,Wooded Habitat,Resident,NA,NA,Southern Hill Myna,Gracula indica
Speckled Piculet,Picumnus innominatus,spepic1,Piciformes,Picidae (Woodpeckers),Least Concern,Schedule-IV,NA,NA,Low,Uncertain,Uncertain,Large,Diurnal,Diurnal,Invertebrate,No,No,No,None,Forest,Resident,NA,NA,Speckled Piculet,Picumnus innominatus
Spotted Dove,Spilopelia chinensis,spodov,Columbiformes,Columbidae (Pigeons and Doves),Least Concern,Schedule-IV,NA,NA,Low,Stable,Stable,Very Large,Diurnal,Diurnal,Plant & Seed,No,No,No,None,None,Resident,NA,NA,Spotted Dove,Streptopelia chinensis
Square-tailed Bulbul,Hypsipetes ganeesa,sqtbul1,Passeriformes,Pycnonotidae (Bulbuls),Least Concern,Schedule-IV,NA,NA,Moderate,Strong Decline,Uncertain,Moderate,Diurnal,Diurnal,Fruit & Nect,No,Yes,No,Western Ghats & Sri Lanka,Wooded Habitat,Resident,NA,NA,Square-tailed Bulbul,Hypsipetes ganeesa
Streak-throated Woodpecker,Picus xanthopygaeus,sttwoo1,Piciformes,Picidae (Woodpeckers),Least Concern,Schedule-IV,NA,NA,Low,Uncertain,Uncertain,Large,Diurnal,Diurnal,Invertebrate,No,No,No,None,Wooded Habitat,Resident,NA,NA,Streak-throated Woodpecker,Picus xanthopygaeus
Tawny-bellied Babbler,Dumetia hyperythra,tabbab1,Passeriformes,"Timaliidae (Tree-Babblers, Scimitar-Babblers, and Allies)",Least Concern,Schedule-IV,NA,Appendix II,Moderate,Moderate Decline,Uncertain,Large,Diurnal,Diurnal,Invertebrate,No,Yes,No,Indian Subcontinent,None,Resident,NA,NA,Tawny-bellied Babbler,Dumetia hyperythra
Thick-billed Flowerpecker,Dicaeum agile,thbflo1,Passeriformes,Dicaeidae (Flowerpeckers),Least Concern,Schedule-IV,NA,NA,Moderate,Moderate Decline,Uncertain,Large,Diurnal,Diurnal,Fruit & Nect,No,No,No,None,None,Resident,NA,NA,Thick-billed Flowerpecker,Dicaeum agile
Tickell's Blue Flycatcher,Cyornis tickelliae,tibfly3,Passeriformes,Muscicapidae (Old World Flycatchers),Least Concern,Schedule-IV,NA,Appendix II,Low,Stable,Uncertain,Large,Diurnal,Diurnal,Invertebrate,No,Yes,No,Indian Subcontinent,Wooded Habitat,Resident,NA,NA,Tickell's Blue Flycatcher,Cyornis tickelliae
Tricolored Munia,Lonchura malacca,trimun,Passeriformes,Estrildidae (Waxbills and Allies),Least Concern,Schedule-IV,NA,NA,Moderate,Uncertain,Strong Decline,Large,Diurnal,Diurnal,Plant & Seed,No,Yes,No,Indian Subcontinent,Grassland,Resident,NA,NA,Tricoloured Munia,Lonchura malacca
Velvet-fronted Nuthatch,Sitta frontalis,vefnut1,Passeriformes,Sittidae (Nuthatches),Least Concern,Schedule-IV,NA,NA,Moderate,Moderate Decline,Uncertain,Large,Diurnal,Diurnal,Invertebrate,No,No,No,None,Wooded Habitat,Resident,NA,NA,Velvet-fronted Nuthatch,Sitta frontalis
Vernal Hanging-Parrot,Loriculus vernalis,vehpar1,Psittaciformes,Psittaculidae (Old World Parrots),Least Concern,Schedule-IV,Appendix II,NA,Low,Uncertain,Uncertain,Moderate,Diurnal,Diurnal,Fruit & Nect,No,No,No,None,Wooded Habitat,Resident,NA,NA,Vernal Hanging Parrot,Loriculus vernalis
Wayanad Laughingthrush,Pterorhinus delesserti,wynlau1,Passeriformes,Leiothrichidae (Laughingthrushes and Allies),Least Concern,Schedule-IV,NA,Appendix II,Moderate,Data Deficient,Data Deficient,Moderate,Diurnal,Diurnal,Invertebrate,Yes,Yes,No,Western Ghats,Tropical Forest,Resident,NA,NA,Wayanad Laughingthrush,Pterorhinus delesserti
White-bellied Blue Flycatcher,Cyornis pallidipes,wbbfly1,Passeriformes,Muscicapidae (Old World Flycatchers),Least Concern,Schedule-IV,NA,Appendix II,Moderate,Strong Decline,Uncertain,Moderate,Diurnal,Diurnal,Invertebrate,Yes,Yes,No,Western Ghats,Tropical Forest,Resident,NA,NA,White-bellied Blue Flycatcher,Cyornis pallidipes
White-bellied Drongo,Dicrurus caerulescens,whbdro1,Passeriformes,Dicruridae (Drongos),Least Concern,Schedule-IV,NA,NA,Moderate,Stable,Strong Decline,Large,Diurnal,Diurnal,Invertebrate,No,Yes,No,Indian Subcontinent,Wooded Habitat,Resident,NA,NA,White-bellied Drongo,Dicrurus caerulescens
White-bellied Sholakili,Sholicola albiventris,whbsho3,Passeriformes,Muscicapidae (Old World Flycatchers),Vulnerable,Schedule-IV,NA,Appendix II,High,Uncertain,Uncertain,Restricted,Diurnal,Diurnal,Invertebrate,Yes,Yes,No,Western Ghats,Wooded Habitat,Resident,NA,NA,White-bellied Sholakili,Sholicola albiventris
White-bellied Treepie,Dendrocitta leucogastra,whbtre1,Passeriformes,"Corvidae (Crows, Jays, and Magpies)",Least Concern,Schedule-IV,NA,NA,Moderate,Moderate Decline,Uncertain,Moderate,Diurnal,Diurnal,Omnivore,Yes,Yes,No,Western Ghats,Tropical Forest,Resident,NA,NA,White-bellied Treepie,Dendrocitta leucogastra
White-bellied Woodpecker,Dryocopus javensis,whbwoo2,Piciformes,Picidae (Woodpeckers),Least Concern,Schedule-IV,NA,NA,Moderate,Moderate Decline,Uncertain,Moderate,Diurnal,Diurnal,Invertebrate,No,No,No,None,Tropical Forest,Resident,NA,NA,White-bellied Woodpecker,Dryocopus javensis
White-breasted Waterhen,Amaurornis phoenicurus,whbwat1,Gruiformes,"Rallidae (Rails, Gallinules, and Coots)",Least Concern,Schedule-IV,NA,NA,Low,Stable,Uncertain,Very Large,24 hour,Diurnal,Omnivore,No,No,No,None,None,Resident,NA,NA,White-breasted Waterhen,Amaurornis phoenicurus
White-browed Bulbul,Pycnonotus luteolus,whbbul2,Passeriformes,Pycnonotidae (Bulbuls),Least Concern,Schedule-IV,NA,NA,Low,Uncertain,Uncertain,Large,Diurnal,Diurnal,Fruit & Nect,No,Yes,No,Indian Subcontinent,Wooded Habitat,Resident,NA,NA,White-browed Bulbul,Pycnonotus luteolus
White-browed Fantail,Rhipidura aureola,whbfan2,Passeriformes,Rhipiduridae (Fantails),Least Concern,Schedule-IV,NA,Appendix II,Low,Stable,Uncertain,Large,Diurnal,Diurnal,Invertebrate,No,No,No,None,Wooded Habitat,Resident & Altitudinal Migrant,NA,NA,White-browed Fantail,Rhipidura aureola
White-browed Wagtail,Motacilla maderaspatensis,whbwag1,Passeriformes,Motacillidae (Wagtails and Pipits),Least Concern,Schedule-IV,NA,Appendix II,Moderate,Moderate Decline,Strong Decline,Very Large,Diurnal,Diurnal,Invertebrate,No,No,No,None,None,Resident,NA,NA,White-browed Wagtail,Motacilla maderaspatensis
White-cheeked Barbet,Psilopogon viridis,whcbar1,Piciformes,Megalaimidae (Asian Barbets),Least Concern,Schedule-IV,NA,NA,Low,Uncertain,Uncertain,Large,Diurnal,Diurnal,Fruit & Nect,Yes,Yes,No,Mainland India,None,Resident,NA,NA,White-cheeked Barbet,Psilopogon viridis
White-rumped Munia,Lonchura striata,whrmun,Passeriformes,Estrildidae (Waxbills and Allies),Least Concern,Schedule-IV,NA,NA,Moderate,Stable,Strong Decline,Large,Diurnal,Diurnal,Plant & Seed,No,No,No,None,None,Resident,NA,NA,White-rumped Munia,Lonchura striata
White-rumped Shama,Copsychus malabaricus,whrsha,Passeriformes,Muscicapidae (Old World Flycatchers),Least Concern,Schedule-IV,NA,Appendix II,Low,Uncertain,Uncertain,Large,Diurnal,Diurnal,Invertebrate,No,No,No,None,Forest,Resident,NA,NA,White-rumped Shama,Copsychus malabaricus
White-throated Kingfisher,Halcyon smyrnensis,whtkin2,Coraciiformes,Alcedinidae (Kingfishers),Least Concern,Schedule-IV,NA,NA,Low,Stable,Moderate Decline,Very Large,Diurnal,Diurnal,Vertebrate & Carrion,No,No,No,None,None,Resident,NA,NA,White-throated Kingfisher,Halcyon smyrnensis
Asian Woolly-necked Stork,Ciconia episcopus,wonsto1,Ciconiiformes,Ciconiidae (Storks),Near Threatened,Schedule-IV,NA,NA,Low,Stable,Moderate Decline,Very Large,Diurnal,Diurnal,Vertebrate & Carrion,No,No,No,None,Open Habitat,Resident,NA,NA,Woolly-necked Stork,Ciconia episcopus
Yellow-billed Babbler,Argya affinis,yebbab1,Passeriformes,Leiothrichidae (Laughingthrushes and Allies),Least Concern,Schedule-IV,NA,Appendix II,Low,Uncertain,Uncertain,Large,Diurnal,Diurnal,Omnivore,No,Yes,No,Indian Subcontinent,None,Resident,NA,NA,Yellow-billed Babbler,Argya affinis
Yellow-browed Bulbul,Iole indica,yebbul3,Passeriformes,Pycnonotidae (Bulbuls),Least Concern,Schedule-IV,NA,NA,Moderate,Strong Decline,Uncertain,Moderate,Diurnal,Diurnal,Omnivore,No,Yes,No,Western Ghats & Sri Lanka,Wooded Habitat,Resident,NA,NA,Yellow-browed Bulbul,Acritillas indica
Yellow-eyed Babbler,Chrysomma sinense,yeebab1,Passeriformes,"Sylviidae (Sylviid Warblers, Parrotbills, and Allies)",Least Concern,Schedule-IV,NA,Appendix II,Low,Stable,Moderate Decline,Very Large,Diurnal,Diurnal,Invertebrate,No,No,No,None,Grassland and Scrub,Resident,NA,NA,Yellow-eyed Babbler,Chrysomma sinense
Yellow-footed Green-Pigeon,Treron phoenicopterus,yefpig1,Columbiformes,Columbidae (Pigeons and Doves),Least Concern,Schedule-IV,NA,NA,Low,Moderate Increase,Uncertain,Very Large,Diurnal,Diurnal,Fruit & Nect,No,No,No,None,None,Resident,NA,NA,Yellow-footed Green Pigeon,Treron phoenicopterus
Yellow-throated Bulbul,Pycnonotus xantholaemus,yetbul1,Passeriformes,Pycnonotidae (Bulbuls),Vulnerable,Schedule-IV,NA,NA,Moderate,Data Deficient,Moderate Decline,Moderate,Diurnal,Diurnal,Omnivore,Yes,Yes,No,Southern Deccan Plateau,Scrub,Resident,NA,NA,Yellow-throated Bulbul,Pycnonotus xantholaemus
Yellow-throated Sparrow,Gymnoris xanthocollis,chspet1,Passeriformes,Passeridae (Old World Sparrows),Least Concern,Schedule-IV,NA,NA,Low,Stable,Uncertain,Very Large,Diurnal,Diurnal,Omnivore,No,No,No,None,Wooded Habitat,Resident,NA,NA,Yellow-throated Sparrow,Gymnoris xanthocollis
Yellow-wattled Lapwing,Vanellus malabaricus,yewlap2,Charadriiformes,Charadriidae (Plovers and Lapwings),Least Concern,Schedule-IV,NA,Appendix II,Moderate,Moderate Decline,Strong Decline,Very Large,Diurnal,Diurnal,Invertebrate,No,Yes,No,Indian Subcontinent,Grassland,Resident,NA,NA,Yellow-wattled Lapwing,Vanellus malabaricus
Zitting Cisticola,Cisticola juncidis,zitcis1,Passeriformes,Cisticolidae (Cisticolas and Allies),Least Concern,Schedule-IV,NA,Appendix II,Low,Stable,Moderate Decline,Very Large,Diurnal,Diurnal,Invertebrate,No,No,No,None,Open Habitat,Resident,NA,NA,Zitting Cisticola,Cisticola juncidis
Nilgiri Sholakili,Sholicola major,whbsho1,Passeriformes,Muscicapidae (Old World Flycatchers),Endangered,Schedule-IV,,Appendix II,High,Data Deficient,Uncertain,Restricted,Diurnal,Diurnal,Invertebrate,Yes,Yes,No,Western Ghats,Wooded Habitat,Resident,,,Nilgiri Sholakili,Sholicola major
Gray-headed Canary-Flycatcher,Culicicapa ceylonensis,gyhcaf1,Passeriformes,Stenostiridae (Fairy Flycatchers),Least Concern,Schedule-IV,,,Moderate,Moderate Decline,Moderate Decline,Moderate,Diurnal,Diurnal,Invertebrate,No,No,No,None,Wooded Habitat,Local Migrant,,,Grey-headed Canary-flycatcher,Culicicapa ceylonensis